Artist,Country
Chicago,United States
Bob Dylan,United States
The Carpenters,United States
Meat Loaf,United States
"Earth, Wind & Fire",United States
Cher,United States
Def Leppard,United Kingdom
Genesis,United Kingdom
David Bowie,United Kingdom
Stevie Wonder,United States
James Taylor,United States
Tina Turner,United States
Olivia Newton-John,Australia
Linda Ronstadt,United States
The Beach Boys,United States
Donna Summer,United States
Alicia Keys,United States
Christina Aguilera,United States
Lionel Richie,United States
Johnny Cash,United States
Justin Timberlake,United States
Ariana Grande,United States
R.E.M.,United States
Post Malone,United States
Flo Rida,United States
Usher,United States
Tim McGraw,United States
The Black Eyed Peas,United States
Van Halen,United States
Tom Petty,United States
Johnny Hallyday,France
The Weeknd,Canada
Imagine Dragons,United States
Luke Bryan,United States
Tupac Shakur,United States
Alabama,United States
R. Kelly,United States
Nirvana,United States
Robbie Williams,United Kingdom
Bob Seger,United States
Kenny G,United States
Green Day,United States
Enya,Ireland
Bryan Adams,Canada
Bob Marley,Jamaica
The Police,United Kingdom
Gloria Estefan,United States
Barry Manilow,United States
Kiss,United States
Aretha Franklin,United States
Édith Piaf, France
Charles Aznavour, France
Serge Gainsbourg, France
Johnny Hallyday, France
Mylène Farmer, France
Vanessa Paradis, France
Zaz, France
Mireille Mathieu, France
Alizée, France
Stromae, France
Patricia Kaas, France
Joe Dassin, France
Carla Bruni, France
Rammstein, Germany
Kraftwerk, Germany
Nena, Germany
AnnenMayKantereit, Germany
Andrea Bocelli, Italia
Eros Ramazzotti, Italia
Toto Cutugno, Italia
Umberto Tozzi, Italia
Adriano Celentano, Italia
Kino, Russia
Sergey Lazarev, Russia
Zemfira, Russia
Dima Bilan, Russia
Polina Gagarina, Russia
Basta, Russia
Bi-2, Russia
Splean, Russia
Noize MC, Russia
Leningrad, Russia
Mumiy Troll, Russia
Agata Kristi, Russia
Aria, Russia
Maksim, Russia
Grigory Leps, Russia
Irina Allegrova, Russia
Valeriy Meladze, Russia
Alla Pugacheva, Russia
Philip Kirkorov, Russia
Ani Lorak, Russia
LOBODA, Russia
Max Barskih, Russia
Egor Kreed, Russia
Oxxxymiron, Russia
Little Big, Russia
Timati, Russia
Vladimir Vysotsky, Russia
Aleksandr Rozenbaum, Russia
Lyube, Russia
Mikhail Shufutinsky, Russia
Diana Arbenina, Russia
Zveri, Russia
Sektor Gaza, Russia
Gazmanov, Russia
MakSim, Russia
Tatu, Russia
Vitas, Russia
Natali, Russia
VIA Gra, Russia
Diskoteka Avariya, Russia
Ruki Vverh!, Russia
Ivanushki International, Russia
Detsl, Russia
Kristina Orbakaitė, Russia
Nikolay Baskov, Russia
Valeriya, Russia
Anastasiya Stotskaya, Russia
Sergey Trofimov, Russia
Pelageya, Russia
Dima Maslennikov, Russia
Elena Vaenga, Russia
Stas Mikhailov, Russia
Nikolai Noskov, Russia
Alsou, Russia
Vladimir Kuzmin, Russia
Igor Krutoy, Russia
Dima Koldun, Russia
Yulia Savicheva, Russia
Yulianna Karaulova, Russia
Monetochka, Russia
Glukoza, Russia
Nyusha, Russia
Hi-Fi, Russia
A'Studio, Russia
Slava, Russia
Band'Eros, Russia
Igor Nikolaev, Russia
Elka, Russia
Artik & Asti, Russia
Anna Asti, Russia
Mikhail Boyarsky, Russia
Sati Kazanova, Russia
5'nizza, Russia
Alsu, Russia
Viktoriya Dayneko, Russia
Vremya i Steklo, Russia
Dzhigan, Russia
Quest Pistols Show, Russia
MOT, Russia
Irina Dubtsova, Russia
Larisa Dolina, Russia
Pelageya, Russia
Leonid Agutin, Russia
Anzhelika Varum, Russia
Yolka, Russia
Valeriya, Russia
Yuri Antonov, Russia
Zara, Russia
Dobry Molodtsy, Russia
Masha i Medvedi, Russia
Kasta, Russia
Brainstorm, Russia
